{
  "pools": [
    {
      "rolls": 1,
      "entries": [
        {
          "type": "minecraft:item",
          "name": "minecraft:snowball",
          "functions": [
            {
              "function": "minecraft:set_lore",
              "entity": "this",
              "lore": [
                {
                  "translate": "%1$s%4733088$s","with":["A seed infused by spirits",{"translate":"incendium.item.restless_nature.desc1"}],
                  "color": "#169e7e",
                  "italic": true
                },
                {
                  "translate": "%1$s%4733088$s","with":["with a final wish to regrow",{"translate":"incendium.item.restless_nature.desc2"}],
                  "color": "#169e7e",
                  "italic": true
                },
                {
                  "translate": "%1$s%4733088$s","with":["the lost nature of the Nether",{"translate":"incendium.item.restless_nature.desc3"}],
                  "color": "#169e7e",
                  "italic": true
                },
                "",
                {
                  "translate": "%1$s%4733088$s","with":["Incendium",{"translate":"incendium"}],
                  "color": "#FF8000",
                  "italic": true
                }
              ],
              "replace": true
            },
            {
              "function": "minecraft:set_name",
              "entity": "this",
              "name": {
                "translate": "%1$s%4733088$s","with":["Restless Nature",{"translate":"incendium.item.restless_nature.name"}],
                "color": "#137682",
                "italic": false
              }
            },
            {
              "function": "minecraft:set_nbt",
              "tag": "{CustomModelData:1450404,incendium:{item:'restless_nature'}}"
            },
            {
              "function": "minecraft:set_enchantments",
              "enchantments": {
                "minecraft:unbreaking": 1
              }
            }
          ]
        }
      ]
    }
  ]
}
