{
  "pools": [
    {
      "rolls": 1,
      "entries": [
        {
          "type": "minecraft:item",
          "name": "minecraft:cake",
          "functions": [
            {
              "function": "minecraft:set_attributes",
              "modifiers": [
                {
                  "attribute": "minecraft:generic.attack_damage",
                  "name": "cake_power",
                  "amount": {
                    "type": "minecraft:binomial",
                    "n": 2.5,
                    "p": 0.65
                  },
                  "operation": "addition",
                  "slot": "mainhand"
                }
              ]
            },
            {
              "function": "minecraft:set_lore",
              "lore": [
                {
                  "translate": "%1$s%4733088$s","with":["Torte's infamous deadly cake!",{"translate":"incendium.item.cake.desc1"}],
                  "color": "#ff69b4",
                  "italic": true
                },
                "",
                {
                  "translate": "%1$s%4733088$s","with":["Incendium",{"translate":"incendium"}],
                  "color": "#FF8000",
                  "italic": true
                }
              ],
              "replace": true
            },
            {
              "function": "minecraft:set_nbt",
              "tag": "{CustomModelData:1450402,incendium:{item:'cake_batter'}}"
            },
            {
              "function": "minecraft:set_name",
              "name": {
                "translate": "%1$s%4733088$s","with":["Cake Batter",{"translate":"incendium.item.cake.name"}],
                "color": "#ffddf4",
                "italic": false
              }
            }
          ]
        }
      ]
    }
  ]
}
