{
  "pools": [
    {
      "rolls": 1,
      "entries": [
        {
          "type": "minecraft:item",
          "name": "leather_helmet",
          "weight": 2,
          "functions": [
            {
              "function": "minecraft:set_nbt",
              "tag": "{incendium:{item:'hazmat_suit'},display:{color:6219030}}"
            },
            {
              "function": "minecraft:set_name",
              "name": {
                "translate": "%1$s%4733088$s","with":["Hazmat Helmet",{"translate":"incendium.item.hazmat.helmet.name"}],
                "color": "#44ff00",
                "italic": false
              }
            },
            {
              "function": "minecraft:set_attributes",
              "modifiers": [
                {
                  "attribute": "generic.armor",
                  "name": "armor",
                  "amount": {
                    "min": 2.25,
                    "max": 3
                  },
                  "operation": "addition",
                  "slot": "head"
                }
              ]
            },
            {
              "function": "minecraft:set_lore",
              "lore": [
                {
                  "translate": "%1$s%4733088$s","with":["Protects the wearer from poison",{"translate":"incendium.item.hazmat.suit.desc1"}],
                  "color": "#77cc00",
                  "italic": true
                },
                "",
                {
                  "translate": "%1$s%4733088$s","with":["Incendium",{"translate":"incendium"}],
                  "color": "#FF8000",
                  "italic": true
                }
              ],
              "entity": "this"
            },
            {
              "function": "minecraft:enchant_with_levels",
              "levels": {
                "min": 30,
                "max": 45
              },
              "treasure": true
            }
          ]
        }
      ]
    },
    {
      "rolls": 1,
      "entries": [
        {
          "type": "minecraft:item",
          "name": "leather_chestplate",
          "weight": 2,
          "functions": [
            {
              "function": "minecraft:set_nbt",
              "tag": "{incendium:{item:'hazmat_suit'},display:{color:6219030}}"
            },
            {
              "function": "minecraft:set_lore",
              "lore": [
                {
                  "translate": "%1$s%4733088$s","with":["Protects the wearer from poison",{"translate":"incendium.item.hazmat.suit.desc1"}],
                  "color": "#77cc00",
                  "italic": true
                },
                "",
                {
                  "translate": "%1$s%4733088$s","with":["Incendium",{"translate":"incendium"}],
                  "color": "#FF8000",
                  "italic": true
                }
              ],
              "entity": "this"
            },
            {
              "function": "minecraft:set_name",
              "name": {
                "translate": "%1$s%4733088$s","with":["Hazmat Chestplate",{"translate":"incendium.item.hazmat.chestplate.name"}],
                "color": "#44ff00",
                "italic": false
              }
            },
            {
              "function": "minecraft:set_attributes",
              "modifiers": [
                {
                  "attribute": "generic.armor",
                  "name": "armor",
                  "amount": {
                    "min": 5.5,
                    "max": 8
                  },
                  "operation": "addition",
                  "slot": "chest"
                }
              ]
            },
            {
              "function": "minecraft:enchant_with_levels",
              "levels": {
                "min": 30,
                "max": 45
              },
              "treasure": true
            }
          ]
        }
      ]
    },
    {
      "rolls": 1,
      "entries": [
        {
          "type": "minecraft:item",
          "name": "leather_leggings",
          "weight": 2,
          "functions": [
            {
              "function": "minecraft:set_nbt",
              "tag": "{incendium:{item:'hazmat_suit'},display:{color:6219030}}"
            },
            {
              "function": "minecraft:set_lore",
              "lore": [
                {
                  "translate": "%1$s%4733088$s","with":["Protects the wearer from poison",{"translate":"incendium.item.hazmat.suit.desc1"}],
                  "color": "#77cc00",
                  "italic": true
                },
                "",
                {
                  "translate": "%1$s%4733088$s","with":["Incendium",{"translate":"incendium"}],
                  "color": "#FF8000",
                  "italic": true
                }
              ],
              "entity": "this"
            },
            {
              "function": "minecraft:set_name",
              "name": {
                "translate": "%1$s%4733088$s","with":["Hazmat Leggings",{"translate":"incendium.item.hazmat.leggings.name"}],
                "color": "#44ff00",
                "italic": false
              }
            },
            {
              "function": "minecraft:set_attributes",
              "modifiers": [
                {
                  "attribute": "generic.armor",
                  "name": "armor",
                  "amount": {
                    "min": 4.5,
                    "max": 6
                  },
                  "operation": "addition",
                  "slot": "legs"
                }
              ]
            },
            {
              "function": "minecraft:enchant_with_levels",
              "levels": {
                "min": 30,
                "max": 45
              },
              "treasure": true
            }
          ]
        }
      ]
    },
    {
      "rolls": 1,
      "entries": [
        {
          "type": "minecraft:item",
          "name": "leather_boots",
          "weight": 2,
          "functions": [
            {
              "function": "minecraft:set_nbt",
              "tag": "{incendium:{item:'hazmat_suit'},display:{color:6219030}}"
            },
            {
              "function": "minecraft:set_lore",
              "lore": [
                {
                  "translate": "%1$s%4733088$s","with":["Protects the wearer from poison",{"translate":"incendium.item.hazmat.suit.desc1"}],
                  "color": "#77cc00",
                  "italic": true
                },
                "",
                {
                  "translate": "%1$s%4733088$s","with":["Incendium",{"translate":"incendium"}],
                  "color": "#FF8000",
                  "italic": true
                }
              ],
              "entity": "this"
            },
            {
              "function": "minecraft:set_name",
              "name": {
                "translate": "%1$s%4733088$s","with":["Hazmat Boots",{"translate":"incendium.item.hazmat.boots.name"}],
                "color": "#44ff00",
                "italic": false
              }
            },
            {
              "function": "minecraft:set_attributes",
              "modifiers": [
                {
                  "attribute": "generic.armor",
                  "name": "armor",
                  "amount": {
                    "min": 2.5,
                    "max": 3
                  },
                  "operation": "addition",
                  "slot": "feet"
                }
              ]
            },
            {
              "function": "minecraft:enchant_with_levels",
              "levels": {
                "min": 30,
                "max": 45
              },
              "treasure": true
            }
          ]
        }
      ]
    }
  ]
}
