{
  "pools": [
    {
      "rolls": 1,
      "entries": [
        {
          "type": "minecraft:item",
          "name": "minecraft:diamond_pickaxe",
          "functions": [
            {
              "function": "minecraft:set_name",
              "name": {
                "translate": "%1$s%4733088$s","with":["Hefty Pickaxe",{"translate":"incendium.item.hefty_pickaxe.name"}],
                "color": "#990025",
                "italic": false
              }
            },
            {
              "function": "minecraft:set_lore",
              "lore": [
                {
                  "translate": "%1$s%4733088$s","with":["A nether-oriented excavator",{"translate":"incendium.item.hefty_pickaxe.desc1"}],
                  "color": "#880012",
                  "italic": true
                },
                "",
                {
                  "translate": "%1$s%4733088$s","with":["Incendium",{"translate":"incendium"}],
                  "color": "#FF8000",
                  "italic": true
                }
              ],
              "replace": true
            },
            {
              "function": "minecraft:set_nbt",
              "tag": "{CustomModelData:1450500,incendium:{item:'hefty_pickaxe'}}"
            }
          ]
        }
      ]
    }
  ]
}
