{
  "pools": [
    {
      "rolls": 1,
      "entries": [
        {
          "type": "minecraft:item",
          "name": "minecraft:jigsaw",
          "functions": [
            {
              "function": "minecraft:set_attributes",
              "modifiers": [
                {
                  "attribute": "minecraft:generic.armor",
                  "name": "armor",
                  "amount": 6,
                  "operation": "addition",
                  "slot": "chest"
                },
                {
                  "attribute": "minecraft:generic.armor_toughness",
                  "name": "armor_toughness",
                  "amount": 1,
                  "operation": "addition",
                  "slot": "chest"
                },
                {
                  "attribute": "minecraft:generic.movement_speed",
                  "name": "speed",
                  "amount": -0.05,
                  "operation": "multiply_base",
                  "slot": "chest"
                }
              ]
            },
            {
              "function": "minecraft:set_name",
              "name": {
                "translate": "%1$s%4733088$s","with":["Infernal Feather",{"translate":"incendium.item.infernal_feather.name"}],
                "color": "#ff3333",
                "italic": false
              }
            },
            {
              "function": "minecraft:set_lore",
              "lore": [
                {
                  "translate": "%1$s%4733088$s","with":["The strong piece of scrap",{"translate":"incendium.item.infernal_feather.desc1"}],
                  "color": "#ff1234",
                  "italic": true
                },
                {
                  "translate": "%1$s%4733088$s","with":["forged from the remains",{"translate":"incendium.item.infernal_feather.desc2"}],
                  "color": "#ff1234",
                  "italic": true
                },
                {
                  "translate": "%1$s%4733088$s","with":["of the Hovering Inferno's shields",{"translate":"incendium.item.infernal_wings.desc3"}],
                  "color": "#ff1234",
                  "italic": true
                },
                "",
                {
                  "translate": "%1$s%4733088$s","with":["Incendium",{"translate":"incendium"}],
                  "color": "#FF8000",
                  "italic": true
                }
              ],
              "replace": true
            },
            {
              "function": "minecraft:set_nbt",
              "tag": "{CustomModelData:1450201,incendium:{item:'infernal_feather'},Enchantments:[{}]}"
            }
          ]
        }
      ]
    }
  ]
}
