{
  "pools": [
    {
      "rolls": 1,
      "entries": [
        {
          "type": "minecraft:item",
          "name": "minecraft:soul_torch",
          "functions": [
            {
              "function": "minecraft:set_name",
              "name": {
                "translate": "%1$s%4733088$s","with":["Torch of Lunacy",{"translate":"incendium.item.lunacy_torch.name"}],
                "color": "#aaccff",
                "italic": false
              }
            },
            {
              "function": "minecraft:set_lore",
              "entity": "this",
              "lore": [
                {
                  "translate": "%1$s%4733088$s","with":["Emits a strange light which",{"translate":"incendium.item.lunacy_torch.desc1"}],
                  "color": "#aaffcc",
                  "italic": true
                },
                {
                  "translate": "%1$s%4733088$s","with":["blinds nearby desert blazes",{"translate":"incendium.item.lunacy_torch.desc2"}],
                  "color": "#aaffcc",
                  "italic": true
                },
                {
                  "translate": "%1$s%4733088$s","with":["if kept in your inventory",{"translate":"incendium.item.lunacy_torch.desc3"}],
                  "color": "#aaffcc",
                  "italic": true
                },
                "",
                {
                  "translate": "%1$s%4733088$s","with":["Incendium",{"translate":"incendium"}],
                  "color": "#FF8000",
                  "italic": true
                }
              ]
            },
            {
              "function": "minecraft:set_nbt",
              "tag": "{CustomModelData:1450400,incendium:{item:'torch_of_lunacy'},Enchantments:[]}"
            }
          ]
        }
      ]
    }
  ]
}
