{
  "feature": {
    "type": "minecraft:vegetation_patch",
    "config": {
      "surface": "floor",
      "depth": 2,
      "vertical_range": 2,
      "extra_bottom_block_chance": 0,
      "extra_edge_column_chance": 0.1,
      "vegetation_chance": 1,
      "xz_radius": {
        "type": "minecraft:uniform",
        "value": {
          "min_inclusive": 0,
          "max_inclusive": 0
        }
      },
      "replaceable": "#minecraft:base_stone_nether",
      "ground_state": {
        "type": "minecraft:simple_state_provider",
        "state": {
          "Name": "minecraft:air"
        }
      },
      "vegetation_feature": {
        "feature": {
          "type": "minecraft:tree",
          "config": {
            "ignore_vines": false,
            "force_dirt": false,
            "minimum_size": {
              "type": "minecraft:two_layers_feature_size",
              "min_clipped_height": 0,
              "limit": 0,
              "lower_size": 0,
              "upper_size": 0
            },
            "dirt_provider": {
              "type": "minecraft:simple_state_provider",
              "state": {
                "Name": "minecraft:air"
              }
            },
            "trunk_provider": {
              "type": "minecraft:simple_state_provider",
              "state": {
                "Name": "minecraft:lava",
                "Properties": {
                  "level": "0"
                }
              }
            },
            "foliage_provider": {
              "type": "minecraft:simple_state_provider",
              "state": {
                "Name": "minecraft:air"
              }
            },
            "trunk_placer": {
              "type": "minecraft:straight_trunk_placer",
              "base_height": 2,
              "height_rand_a": 0,
              "height_rand_b": 0
            },
            "foliage_placer": {
              "type": "minecraft:random_spread_foliage_placer",
              "radius": 0,
              "offset": 0,
              "foliage_height": 1,
              "leaf_placement_attempts": 0
            },
            "decorators": []
          }
        },
        "placement": []
      }
    }
  },
  "placement": [
    {
      "type": "minecraft:count",
      "count": 90
    },
    {
      "type": "minecraft:in_square"
    },

    {
      "type": "minecraft:height_range",
      "height": {
        "type": "minecraft:trapezoid",
        "min_inclusive": {
          "absolute": 140
        },
        "max_inclusive": {
          "absolute": 220
        }
      }
    },
    {
      "type": "minecraft:environment_scan",
      "direction_of_search": "down",
      "max_steps": 4,
      "target_condition": {
        "type": "minecraft:all_of",
        "predicates": [
          {
            "type": "minecraft:matching_blocks",
            "offset": [
              0,
              9,
              0
            ],
            "blocks": [
              "minecraft:air"
            ]
          },
          {
            "type": "minecraft:matching_blocks",
            "offset": [
              0,
              0,
              0
            ],
            "blocks": [
              "minecraft:air"
            ]
          },
          {
            "type": "minecraft:has_sturdy_face",
            "offset": [
              0,
              -1,
              0
            ],
            "direction": "up"
          }
        ]
      }
    },
    {
      "type": "minecraft:biome"
    }
  ]
}
