{
  "name": "minecraft:bastion/starts",
  "fallback": "minecraft:empty",
  "elements": [
    {
      "weight": 14,
      "element": {
        "location": "incendium:quartz_tower1",
        "processors": "minecraft:bastion_generic_degradation",
        "projection": "rigid",
        "element_type": "minecraft:single_pool_element"
      }
    },
    {
      "weight": 5,
      "element": {
        "location": "incendium:quartz_tower2",
        "processors": "minecraft:bastion_generic_degradation",
        "projection": "rigid",
        "element_type": "minecraft:single_pool_element"
      }
    },
    {
      "weight": 1,
      "element": {
        "location": "incendium:quartz_tower3",
        "processors": "minecraft:bastion_generic_degradation",
        "projection": "rigid",
        "element_type": "minecraft:single_pool_element"
      }
    }
  ]
}
