{
  "pools": [
    {
      "rolls": 1,
      "entries": [
        {
          "type": "minecraft:item",
          "name": "minecraft:diamond_axe",
          "functions": [
            {
              "function": "minecraft:set_name",
              "entity": "this",
              "name": {
                "translate": "%1$s%4733088$s","with":["Blazing Hatchet",{"translate":"incendium.item.blazing_hatchet.name"}],
                "italic": false,
                "color": "#ff6622"
              }
            },
            {
              "function": "minecraft:set_lore",
              "lore": [
                {
                  "translate": "%1$s%4733088$s","with":["Packs a fiery, yet powerful punch",{"translate":"incendium.item.blazing_hatchet.desc1"}],
                  "color": "#ff8844",
                  "italic": true
                },
                "",
                {
                  "translate": "%1$s%4733088$s","with":["Incendium",{"translate":"incendium"}],
                  "color": "#FF8000",
                  "italic": true
                }
              ],
              "replace": true
            },
            {
              "function": "minecraft:set_nbt",
              "tag": "{CustomModelData:1450002,incendium:{item:'blazing_hatchet'}}"
            }
          ]
        }
      ]
    }
  ]
}
