{
  "pools": [
    {
      "rolls": 1,
      "entries": [
        {
          "type": "minecraft:item",
          "name": "minecraft:diamond_sword",
          "functions": [
            {
              "function": "minecraft:set_lore",
              "lore": [
                {
                  "translate": "%1$s%4733088$s","with":["Freezes souls to the core",{"translate":"incendium.item.chilling_blade.desc1"}],
                  "color": "#0055aa",
                  "italic": true
                },
                "",
                {
                  "translate": "%1$s%4733088$s","with":["Incendium",{"translate":"incendium"}],
                  "color": "#FF8000",
                  "italic": true
                }
              ],
              "replace": true
            },
            {
              "function": "minecraft:set_nbt",
              "tag": "{CustomModelData:1450003,incendium:{item:'chilling_blade'}}"
            },
            {
              "function": "minecraft:set_name",
              "name": {
                "translate": "%1$s%4733088$s","with":["Chilling Blade",{"translate":"incendium.item.chilling_blade.name"}],
                "color": "#0088ff",
                "italic": false
              }
            }
          ]
        }
      ]
    }
  ]
}
