{
  "pools": [
    {
      "rolls": 1,
      "entries": [
        {
          "type": "minecraft:item",
          "name": "minecraft:crossbow",
          "functions": [
            {
              "function": "minecraft:set_enchantments",
              "enchantments": {
                "minecraft:piercing": 5,
                "minecraft:quick_charge": 1,
                "minecraft:mending": 1
              }
            },
            {
              "function": "minecraft:set_lore",
              "entity": "this",
              "lore": [
                {
                  "translate": "%1$s%4733088$s","with":["Turns spectral arrows into",{"translate":"incendium.item.firestorm.desc1"}],
                  "color": "#eb783f",
                  "italic": true
                },
                {
                  "translate": "%1$s%4733088$s","with":["a powerful lightning attack",{"translate":"incendium.item.firestorm.desc2"}],
                  "color": "#eb783f",
                  "italic": true
                },
                "",
                {
                  "translate": "%1$s%4733088$s","with":["Incendium",{"translate":"incendium"}],
                  "color": "#FF8000",
                  "italic": true
                }
              ],
              "replace": true
            },
            {
              "function": "minecraft:set_name",
              "entity": "this",
              "name": [
                {
                  "translate": "%1$s%4733088$s","with":["Firestorm",{"translate":"incendium.item.firestorm.name"}],
                  "color": "#ff4400",
                  "italic": false
                }
              ]
            },
            {
              "function": "minecraft:set_nbt",
              "tag": "{CustomModelData:1450101,incendium:{item:'firestorm'},RepairCost:1000}"
            }
          ]
        }
      ]
    }
  ]
}
