{
  "pools": [
    {
      "rolls": 1,
      "entries": [
        {
          "type": "minecraft:item",
          "name": "minecraft:netherite_sword",
          "functions": [
            {
              "function": "minecraft:set_attributes",
              "modifiers": [
                {
                  "attribute": "minecraft:generic.attack_speed",
                  "name": "base",
                  "amount": -2.4,
                  "operation": "addition",
                  "slot": "mainhand"
                },
                {
                  "attribute": "minecraft:generic.attack_speed",
                  "name": "d",
                  "amount": -0.45,
                  "operation": "multiply_base",
                  "slot": "mainhand"
                },
                {
                  "attribute": "minecraft:generic.attack_damage",
                  "name": "d",
                  "amount": {
                    "min": 13,
                    "max": 20
                  },
                  "operation": "addition",
                  "slot": "mainhand"
                }
              ]
            },
            {
              "function": "minecraft:set_lore",
              "entity": "this",
              "lore": [
                {
                  "translate": "%1$s%4733088$s","with":["Drains the life of its wielder",{"translate":"incendium.item.greatsword.desc1"}],
                  "color": "#990000",
                  "italic": true
                },
                {
                  "translate": "%1$s%4733088$s","with":["to inflict massive damage",{"translate":"incendium.item.greatsword.desc2"}],
                  "color": "#990000",
                  "italic": true
                },
                "",
                {
                  "translate": "%1$s%4733088$s","with":["Incendium",{"translate":"incendium"}],
                  "color": "#FF8000",
                  "italic": true
                }
              ]
            },
            {
              "function": "minecraft:set_name",
              "entity": "this",
              "name": {
                "translate": "%1$s%4733088$s","with":["Greatsword of Sacrifice",{"translate":"incendium.item.greatsword.name"}],
                "color": "#ff0000",
                "italic": false
              }
            },
            {
              "function": "minecraft:set_nbt",
              "tag": "{CustomModelData:1450004,incendium:{item:'greatsword_of_sacrifice'}}"
            }
          ]
        }
      ]
    }
  ]
}
