{
  "pools": [
    {
      "rolls": 1,
      "entries": [
        {
          "type": "minecraft:item",
          "name": "minecraft:crossbow",
          "functions": [
            {
              "function": "minecraft:set_name",
              "entity": "this",
              "name": {
                "translate": "%1$s%4733088$s","with":["Multiplex",{"translate":"incendium.item.multiplex.name"}],
                "color": "#ccbb44",
                "italic": false
              }
            },
            {
              "function": "minecraft:set_lore",
              "entity": "this",
              "lore": [
                {
                  "translate": "%1$s%4733088$s","with":["Shoots a blast of fiery",{"translate":"incendium.item.multiplex.desc1"}],
                  "color": "#ddcc55",
                  "italic": true
                },
                {
                  "translate": "%1$s%4733088$s","with":["arrows at a short-range",{"translate":"incendium.item.multiplex.desc2"}],
                  "color": "#ddcc55",
                  "italic": true
                },
                "",
                {
                  "translate": "%1$s%4733088$s","with":["Incendium",{"translate":"incendium"}],
                  "color": "#FF8000",
                  "italic": true
                }
              ]
            },
            {
              "function": "minecraft:set_nbt",
              "tag": "{CustomModelData:1450102,incendium:{item:'multiplex_crossbow'}}"
            }
          ]
        }
      ]
    }
  ]
}
