{
  "pools": [
    {
      "rolls": 1,
      "entries": [
        {
          "type": "minecraft:item",
          "name": "minecraft:bow",
          "weight": 1,
          "functions": [
            {
              "function": "minecraft:set_lore",
              "lore": [
                {
                  "translate": "%1$s%4733088$s","with":["The longer you hold back the bow,",{"translate":"incendium.item.ragnarok.desc1"}],
                  "color": "#ABC4B8",
                  "italic": true
                },
                {
                  "translate": "%1$s%4733088$s","with":["the more powerful the lightning you create",{"translate":"incendium.item.ragnarok.desc2"}],
                  "color": "#ABC4B8",
                  "italic": true
                },
                "",
                {
                  "translate": "%1$s%4733088$s","with":["Incendium",{"translate":"incendium"}],
                  "color": "#FF8000",
                  "italic": true
                }
              ],
              "entity": "this",
              "replace": true
            },
            {
              "function": "minecraft:set_name",
              "name": [
                {
                  "translate": "%1$s%4733088$s","with":["Ragnarok",{"translate":"incendium.item.ragnarok.name"}],
                  "color": "#CCEBDB",
                  "italic": false
                }
              ],
              "entity": "this"
            },
            {
              "function": "minecraft:set_nbt",
              "tag": "{CustomModelData:1450105,incendium:{item:'ragnarok'}}"
            }
          ]
        }
      ]
    }
  ]
}
