{
  "pools": [
    {
      "rolls": 1,
      "entries": [
        {
          "type": "minecraft:item",
          "name": "minecraft:crossbow",
          "functions": [
            {
              "function": "minecraft:set_enchantments",
              "enchantments": {
                "minecraft:mending": 1,
                "minecraft:piercing": 6
              }
            },
            {
              "function": "minecraft:set_lore",
              "lore": [
                {
                  "translate": "%1$s%4733088$s","with":["Turns spectral arrows into",{"translate":"incendium.item.firestorm.desc1"}],
                  "color": "#0077bb",
                  "italic": true
                },
                {
                  "translate": "%1$s%4733088$s","with":["a slow, powerful attack.",{"translate":"incendium.item.sentrys_wrath.desc2"}],
                  "color": "#0077bb",
                  "italic": true
                },
                {
                  "translate": "%1$s%4733088$s","with":["Beware the cooldown.",{"translate":"incendium.item.sentrys_wrath.desc3"}],
                  "color": "#0077bb",
                  "italic": true
                },
                "",
                {
                  "translate": "%1$s%4733088$s","with":["Incendium",{"translate":"incendium"}],
                  "color": "#FF8000",
                  "italic": true
                }
              ]
            },
            {
              "function": "minecraft:set_name",
              "entity": "this",
              "name": {
                "translate": "%1$s%4733088$s","with":["Sentry's Wrath",{"translate":"incendium.item.sentrys_wrath.name"}],
                "color": "#33ccff",
                "italic": false
              }
            },
            {
              "function": "minecraft:set_nbt",
              "tag": "{CustomModelData:1450103,incendium:{item:'sentrys_wrath'}}"
            }
          ]
        }
      ]
    }
  ]
}
