{
  "pools": [
    {
      "rolls": 1,
      "entries": [
        {
          "type": "minecraft:item",
          "name": "minecraft:bow",
          "functions": [
            {
              "function": "minecraft:set_lore",
              "lore": [
                {
                  "translate": "%1$s%4733088$s","with":["Fires more powerful arrows",{"translate":"incendium.item.trailblazer.desc1"}],
                  "color": "#C46731",
                  "italic": true
                },
                {
                  "translate": "%1$s%4733088$s","with":["the longer you pull the bow.",{"translate":"incendium.item.trailblazer.desc2"}],
                  "color": "#C46731",
                  "italic": true
                },
                {
                  "translate": "%1$s%4733088$s","with":["Spectral arrows leave",{"translate":"incendium.item.trailblazer.desc3"}],
                  "color": "#C46731",
                  "italic": true
                },
                {
                  "translate": "%1$s%4733088$s","with":["a trail of blaze.",{"translate":"incendium.item.trailblazer.desc4"}],
                  "color": "#C46731",
                  "italic": true
                },
                "",
                {
                  "translate": "%1$s%4733088$s","with":["Incendium",{"translate":"incendium"}],
                  "color": "#FF8000",
                  "italic": true
                }
              ]
            },
            {
              "function": "minecraft:set_name",
              "entity": "this",
              "name": {
                "translate": "%1$s%4733088$s","with":["Trailblazer",{"translate":"incendium.item.trailblazer.name"}],
                "color": "#F7823E",
                "italic": false
              }
            },
            {
              "function": "minecraft:set_nbt",
              "tag": "{CustomModelData:1450104,incendium:{item:'trailblazer'}}"
            }
          ]
        }
      ]
    }
  ]
}
