{
  "pools": [
    {
      "rolls": 1,
      "entries": [
        {
          "type": "minecraft:item",
          "name": "minecraft:trident",
          "functions": [
            {
              "function": "minecraft:set_enchantments",
              "enchantments": {
                "minecraft:loyalty": 1
              }
            },
            {
              "function": "minecraft:set_attributes",
              "modifiers": [
                {
                  "attribute": "minecraft:generic.attack_damage",
                  "name": "d",
                  "amount": {
                    "min": 11,
                    "max": 13
                  },
                  "operation": "addition",
                  "slot": "mainhand"
                }
              ]
            },
            {
              "function": "minecraft:set_lore",
              "lore": [
                {
                  "translate": "%1$s%4733088$s","with":["Feel its electrical power",{"translate":"incendium.item.voltaic_trident.desc1"}],
                  "color": "#4400aa",
                  "italic": true
                },
                "",
                {
                  "translate": "%1$s%4733088$s","with":["Incendium",{"translate":"incendium"}],
                  "color": "#FF8000",
                  "italic": true
                }
              ]
            },
            {
              "function": "minecraft:set_name",
              "entity": "this",
              "name": {
                "translate": "%1$s%4733088$s","with":["Voltaic Trident",{"translate":"incendium.item.voltaic_trident.name"}],
                "color": "#8844ff",
                "italic": false
              }
            },
            {
              "function": "minecraft:set_nbt",
              "tag": "{CustomModelData:1450006,incendium:{item:'voltaic_trident'}}"
            }
          ]
        }
      ]
    }
  ]
}
