{
  "pools": [
    {
      "rolls": 1,
      "entries": [
        {
          "type": "minecraft:item",
          "name": "minecraft:golden_sword",
          "functions": [
            {
              "function": "minecraft:set_enchantments",
              "enchantments": {
                "minecraft:unbreaking": 8,
                "minecraft:mending": 1
              }
            },
            {
              "function": "minecraft:set_name",
              "name": {
                "translate": "%1$s%4733088$s","with":["Withersbane",{"translate":"incendium.item.withersbane.name"}],
                "color": "#ffee99",
                "italic": false
              }
            },
            {
              "function": "minecraft:set_lore",
              "lore": [
                {
                  "translate": "%1$s%4733088$s","with":["An ancient blade to smite",{"translate":"incendium.item.withersbane.desc1"}],
                  "color": "#ffdd66",
                  "italic": true
                },
                {
                  "translate": "%1$s%4733088$s","with":["the impurity from the Nether",{"translate":"incendium.item.withersbane.desc2"}],
                  "color": "#ffdd66",
                  "italic": true
                },
                "",
                {
                  "translate": "%1$s%4733088$s","with":["Incendium",{"translate":"incendium"}],
                  "color": "#FF8000",
                  "italic": true
                }
              ]
            },
            {
              "function": "minecraft:set_nbt",
              "tag": "{CustomModelData:1450007,incendium:{item:'withersbane'}}"
            }
          ]
        }
      ]
    }
  ]
}
