{
    "parent": "nullscape:root",
    "criteria": {
        "requirement": {
            "trigger": "minecraft:player_killed_entity",
            "conditions": {
                "entity": [
                    {
                        "condition": "minecraft:entity_properties",
                        "entity": "this",
                        "predicate": {
                            "type": "minecraft:ender_dragon",
                            "nbt": "{Tags:[\"ns.ender_dragon\"]}"
                        }
                    }
                ]
            }
        }
    },
    "requirements": [
        [
            "requirement"
        ]
    ],
    "rewards": {
        "function": "nullscape:event/killed_dragon"
    }
}