{
  "type": "minecraft:the_end",
  "generator": {
    "type": "minecraft:noise",
    "seed": 42069,
    "settings": "minecraft:end",
    "biome_source": {
      "type": "minecraft:multi_noise",
      "biomes": [
        {
          "biome": "minecraft:small_end_islands",
          "parameters": {
            "temperature": [
              -1,
              1
            ],
            "humidity": [
              -1,
              1
            ],
            "continentalness": [
              -1,
              0
            ],
            "erosion": [
              -1,
              -0.3
            ],
            "weirdness": [
              -1,
              1
            ],
            "depth": -2,
            "offset": 1
          }
        },
        {
          "biome": "nullscape:shadowlands",
          "parameters": {
            "temperature": [
              -1,
              1
            ],
            "humidity": [
              -1,
              -0.2
            ],
            "continentalness": [
              -1,
              0
            ],
            "erosion": [
              -1,
              1
            ],
            "weirdness": [
              -1,
              1
            ],
            "depth": [
              -1.4,
              1
            ],
            "offset": 0.49
          }
        },
        {
          "biome": "nullscape:void_barrens",
          "parameters": {
            "temperature": [
              0,
              1
            ],
            "humidity": [
              -1,
              1
            ],
            "continentalness": [
              0.3,
              1
            ],
            "erosion": [
              -1,
              -0.15
            ],
            "weirdness": [
              -0.475,
              0.475
            ],
            "depth": [
              -1.4,
              1
            ],
            "offset": 0.49
          }
        },
        {
          "biome": "nullscape:crystal_peaks",
          "parameters": {
            "temperature": [
              0,
              1
            ],
            "humidity": [
              -1,
              1
            ],
            "continentalness": [
              0.3,
              1
            ],
            "erosion": [
              -1,
              -0.15
            ],
            "weirdness": [
              0.475,
              1
            ],
            "depth": [
              -1.4,
              1
            ],
            "offset": 0.485
          }
        },
        {
          "biome": "nullscape:crystal_peaks",
          "parameters": {
            "temperature": [
              0,
              1
            ],
            "humidity": [
              -1,
              1
            ],
            "continentalness": [
              0.3,
              1
            ],
            "erosion": [
              -1,
              -0.15
            ],
            "weirdness": [
              -1,
              -0.475
            ],
            "depth": [
              -1.4,
              1
            ],
            "offset": 0.485
          }
        },
        {
          "biome": "minecraft:end_highlands",
          "parameters": {
            "temperature": [
              -1,
              1
            ],
            "humidity": [
              -1,
              1
            ],
            "continentalness": [
              -1,
              1
            ],
            "erosion": [
              -1,
              1
            ],
            "weirdness": [
              -1,
              1
            ],
            "depth": [
              -1.4,
              1
            ],
            "offset": 0.5
          }
        },
        {
          "biome": "minecraft:the_end",
          "parameters": {
            "temperature": [
              -1,
              1
            ],
            "humidity": [
              -1,
              1
            ],
            "continentalness": [
              -1,
              1
            ],
            "erosion": [
              -1,
              1
            ],
            "weirdness": [
              -1,
              1
            ],
            "depth": [
              1.9,
              2
            ],
            "offset": 0.75
          }
        }
      ]
    }
  }
}
