{
   "type": "minecraft:flat_cache",
   "argument": {
     "type": "minecraft:cache_2d",
     "argument": {
       "type": "minecraft:add",
       "argument1": {
         "type": "minecraft:mul",
         "argument1": 10,
         "argument2": {
           "type": "minecraft:add",
           "argument1": 1,
           "argument2": {
             "type": "minecraft:mul",
             "argument1": -1,
             "argument2": {
               "type": "minecraft:cache_once",
               "argument": {
                 "type": "minecraft:blend_alpha"
               }
             }
           }
         }
       },
       "argument2": {
         "type": "minecraft:mul",
         "argument1": {
           "type": "minecraft:clamp",
           "input": {
             "type": "minecraft:spline",
             "spline": {
               "coordinate": "nullscape:base/continents",
               "points": [
                 {
                   "location": 0,
                   "derivative": 0,
                   "value": {
                     "coordinate": "minecraft:overworld/erosion",
                     "points": [
                       {
                         "location": -0.3,
                         "derivative": 0,
                         "value": {
                           "coordinate": "minecraft:overworld/ridges",
                           "points": [
                             {
                               "location": -0.3,
                               "derivative": -0.55,
                               "value": -0.2
                             },
                             {
                               "location": -0.185,
                               "derivative": 0,
                               "value": -0.5
                             },
                             {
                               "location": -0.125,
                               "derivative": 0,
                               "value": -4
                             },
                             {
                               "location": 0.125,
                               "derivative": 0,
                               "value": -4
                             },
                             {
                               "location": 0.185,
                               "derivative": 0,
                               "value": -0.5
                             },
                             {
                               "location": 0.3,
                               "derivative": 0.7,
                               "value": -0.2
                             }
                           ]
                         }
                       },
                       {
                         "location": 0,
                         "derivative": 0,
                         "value": -0.75
                       },
                       {
                         "location": 0.2,
                         "derivative": 0,
                         "value": -0.915
                       },
                       {
                         "location": 0.5,
                         "derivative": 0,
                         "value": -1.65
                       }
                     ]
                   }
                 },
                 {
                   "location": 0.135,
                   "derivative": 0,
                   "value": -0.75
                 },
                 {
                   "location": 0.14,
                   "derivative": -20,
                   "value": -0.915
                 },
                 {
                   "location": 0.2,
                   "derivative": 0,
                   "value": -4
                 },
                 {
                   "location": 0.3,
                   "derivative": -0.5,
                   "value": {
                     "coordinate": "minecraft:overworld/erosion",
                     "points": [
                       {
                         "location": -0.3,
                         "derivative": 0,
                         "value": {
                           "coordinate": "minecraft:overworld/ridges",
                           "points": [
                             {
                               "location": -0.7,
                               "derivative": 1,
                               "value": 1
                             },
                             {
                               "location": -0.05,
                               "derivative": -1.5,
                               "value": {
                                 "coordinate": "nullscape:base/continents",
                                 "points": [
                                   {
                                     "location": 0.3,
                                     "derivative": 0.4,
                                     "value": -0.2
                                   }
                                 ]
                               }
                             },
                             {
                               "location": 0.05,
                               "derivative": 1.5,
                               "value": {
                                 "coordinate": "nullscape:base/continents",
                                 "points": [
                                   {
                                     "location": 0.3,
                                     "derivative": 0.4,
                                     "value": -0.2
                                   }
                                 ]
                               }
                             },
                             {
                               "location": 0.7,
                               "derivative": -1,
                               "value": 1
                             }
                           ]
                         }
                       },
                       {
                         "location": 0,
                         "derivative": 0,
                         "value": {
                           "coordinate": "minecraft:overworld/ridges",
                           "points": [
                             {
                               "location": -0.4,
                               "derivative": -0.2,
                               "value": -0.085
                             },
                             {
                               "location": -0.2,
                               "derivative": -0.5,
                               "value": -0.35
                             },
                             {
                               "location": -0.15,
                               "derivative": -1,
                               "value": -0.35
                             },
                             {
                               "location": 0.15,
                               "derivative": 1,
                               "value": -0.35
                             },
                             {
                               "location": 0.2,
                               "derivative": 0,
                               "value": -0.1
                             },
                             {
                               "location": 0.4,
                               "derivative": 1,
                               "value": -0.085
                             },
                             {
                               "location": 0.975,
                               "derivative": -1,
                               "value": 0.3
                             }
                           ]
                         }
                       },
                       {
                         "location": 0.3,
                         "derivative": 0,
                         "value": {
                           "coordinate": "minecraft:overworld/ridges",
                           "points": [
                             {
                               "location": -0.65,
                               "derivative": 0,
                               "value": {
                                 "coordinate": "nullscape:base/continents",
                                 "points": [
                                   {
                                     "location": 0.65,
                                     "derivative": 0.25,
                                     "value": 1
                                   }
                                 ]
                               }
                             },
                             {
                               "location": -0.625,
                               "derivative": 0,
                               "value": {
                                 "coordinate": "minecraft:overworld/erosion",
                                 "points": [
                                   {
                                     "location": 0.4,
                                     "derivative": -0.25,
                                     "value": 0.66666
                                   }
                                 ]
                               }
                             },
                             {
                               "location": -0.475,
                               "derivative": 0,
                               "value": {
                                 "coordinate": "minecraft:overworld/erosion",
                                 "points": [
                                   {
                                     "location": 0.4,
                                     "derivative": -0.25,
                                     "value": 0.66
                                   }
                                 ]
                               }
                             },
                             {
                               "location": -0.45,
                               "derivative": 0,
                               "value": {
                                 "coordinate": "nullscape:base/continents",
                                 "points": [
                                   {
                                     "location": 0.65,
                                     "derivative": -0.25,
                                     "value": 0.33
                                   }
                                 ]
                               }
                             },
                             {
                               "location": -0.275,
                               "derivative": 0,
                               "value": 0.33
                             },
                             {
                               "location": -0.25,
                               "derivative": 0,
                               "value": 0.025
                             },
                             {
                               "location": -0.18,
                               "derivative": 0,
                               "value": 0
                             },
                             {
                               "location": -0.135,
                               "derivative": -1.75,
                               "value": {
                                 "coordinate": "nullscape:base/continents",
                                 "points": [
                                   {
                                     "location": 0.3,
                                     "derivative": 0.4,
                                     "value": -0.2
                                   }
                                 ]
                               }
                             },
                             {
                               "location": -0.05,
                               "derivative": -0.25,
                               "value": {
                                 "coordinate": "nullscape:base/continents",
                                 "points": [
                                   {
                                     "location": 0.3,
                                     "derivative": 0.4,
                                     "value": -0.25
                                   }
                                 ]
                               }
                             }
                           ]
                         }
                       }
                     ]
                   }
                 }
               ]
             },
             "min_value": 0,
             "max_value": 1.5
           },
           "min": 0,
           "max": 8
         },
         "argument2": {
           "type": "minecraft:cache_once",
           "argument": {
             "type": "minecraft:blend_alpha"
           }
         }
       }
     }
   }
 }
 