{
	"type": "minecraft:add",
	"argument1": {
	  "type": "minecraft:mul",
	  "argument1": 10,
	  "argument2": {
		"type": "minecraft:add",
		"argument1": 1,
		"argument2": {
		  "type": "minecraft:mul",
		  "argument1": -1,
		  "argument2": {
			"type": "minecraft:cache_once",
			"argument": {
			  "type": "minecraft:blend_alpha"
			}
		  }
		}
	  }
	},
	"argument2": {
	  "type": "minecraft:mul",
	  "argument1": {
		"type": "minecraft:clamp",
		"input": {
		  "type": "minecraft:spline",
		  "spline": {
			"coordinate": "nullscape:base/continents",
			"points": [
			  {
				"location": 0,
				"derivative": 0,
				"value": {
				  "coordinate": "minecraft:overworld/erosion",
				  "points": [
					{
					  "location": -0.15,
					  "derivative": 0,
					  "value": 2
					},
					{
					  "location": -0.1,
					  "derivative": 0,
					  "value": 0.25
					}
				  ]
				}
			  },
			  {
				"location": 0.15,
				"derivative": 0,
				"value": 0.25
			  },
			  {
				"location": 0.175,
				"derivative": 20,
				"value": 0.275
			  },
			  {
				"location": 0.3,
				"derivative": 0,
				"value": 3
			  }
			]
		  },
		  "min_value": 0,
		  "max_value": 3
		},
		"min": 0,
		"max": 8
	  },
	  "argument2": {
		"type": "minecraft:cache_once",
		"argument": {
		  "type": "minecraft:blend_alpha"
		}
	  }
	}
  }
  