{
  "feature": {
    "type": "minecraft:simple_block",
    "config": {
      "to_place": {
        "type": "minecraft:simple_state_provider",
        "state": {
          "Name": "minecraft:lava"
        }
      }
    }
  },
  "placement": [
    {
      "type": "minecraft:count",
      "count": 4
    },
    {
      "type": "minecraft:count_on_every_layer",
      "count": 256
    },
    {
      "type": "minecraft:in_square"
    },
    {
      "type": "minecraft:biome"
    },
    {
      "type": "minecraft:environment_scan",
      "direction_of_search": "down",
      "max_steps": 4,
      "target_condition": {
        "type": "minecraft:matching_blocks",
        "blocks": "minecraft:yellow_terracotta"
      }
    },
    {
      "type": "minecraft:block_predicate_filter",
      "predicate": {
        "type": "minecraft:all_of",
        "predicates": [
          {
            "type": "minecraft:all_of",
            "predicates": [
              {
                "type": "minecraft:matching_blocks",
                "offset": [
                  0,
                  0,
                  0
                ],
                "blocks": "minecraft:yellow_terracotta"
              },
              {
                "type": "minecraft:matching_blocks",
                "offset": [
                  1,
                  0,
                  0
                ],
                "blocks": ["minecraft:yellow_terracotta","lava"]
              },
              {
                "type": "minecraft:matching_blocks",
                "offset": [
                  0,
                  0,
                  1
                ],
                "blocks": ["minecraft:yellow_terracotta","lava"]
              },
              {
                "type": "minecraft:matching_blocks",
                "offset": [
                  -1,
                  0,
                  0
                ],
                "blocks": ["minecraft:yellow_terracotta","lava"]
              },
              {
                "type": "minecraft:matching_blocks",
                "offset": [
                  0,
                  0,
                  -1
                ],
                "blocks": ["minecraft:yellow_terracotta","lava"]
              },
              {"type":"not",
                "predicate":
              {
                "type": "minecraft:matching_blocks",
                "offset": [
                  0,
                  -1,
                  0
                ],
                "blocks": ["minecraft:air","cave_air","lava"]
              }
            }
            ]
          }
        ]
      }
    }
  ]
}
