{
  "feature": {
    "type": "minecraft:vegetation_patch",
    "config": {
      "surface": "floor",
      "depth": 3,
      "vertical_range": 27,
      "extra_bottom_block_chance": 0,
      "extra_edge_column_chance": 0.5,
      "vegetation_chance": 1,
      "xz_radius": {
        "type": "minecraft:uniform",
        "value": {
          "min_inclusive": 0,
          "max_inclusive": 2
        }
      },
      "replaceable": "#incendium:toxic_surface",
      "ground_state": {
        "type": "minecraft:noise_provider",
        "seed": 55,
        "noise": {
          "firstOctave": -6,
          "amplitudes": [
                      0.65,
                      1.0,
                      0,
                      0.5,
                      0.125,
                      0.5
                    ]
        },
        "scale": 1,
        "states": [
          {
            "Name": "minecraft:slime_block"
          },
          {
            "Name": "minecraft:green_terracotta"
          },
          {
            "Name": "minecraft:green_terracotta"
          },
          {
            "Name": "minecraft:green_terracotta"
          },
          {
            "Name": "minecraft:green_terracotta"
          },
                    {
            "Name": "minecraft:green_terracotta"
          },
          {
            "Name": "minecraft:green_terracotta"
          },
          {
            "Name": "minecraft:green_terracotta"
          },
          {
            "Name": "minecraft:green_terracotta"
          },
          {
            "Name": "minecraft:lime_terracotta"
          },
          {
            "Name": "minecraft:lime_terracotta"
          },
                    {
            "Name": "minecraft:lime_terracotta"
          },
          {
            "Name": "minecraft:yellow_terracotta"
          },
          {
            "Name": "minecraft:yellow_terracotta"
          },
                    {
            "Name": "minecraft:yellow_terracotta"
          },
          {
            "Name": "minecraft:yellow_terracotta"
          },
          {
            "Name": "minecraft:lime_terracotta"
          },
          {
            "Name": "minecraft:lime_terracotta"
          },
                    {
            "Name": "minecraft:lime_terracotta"
          },
          {
            "Name": "minecraft:green_terracotta"
          },
          {
            "Name": "minecraft:green_terracotta"
          },
          {
            "Name": "minecraft:green_terracotta"
          },
          {
            "Name": "minecraft:green_terracotta"
          },
                    {
            "Name": "minecraft:green_terracotta"
          },
          {
            "Name": "minecraft:green_terracotta"
          },
          {
            "Name": "minecraft:green_terracotta"
          },
          {
            "Name": "minecraft:green_terracotta"
          },
          {
            "Name": "minecraft:slime_block"
          }
        ]
      },
      "vegetation_feature": {
        "feature": {
          "type": "minecraft:block_column",
          "config": {
            "direction": "up",
            "allowed_placement": {
              "type": "minecraft:all_of",
              "predicates": [
                {
                  "type": "minecraft:not",
                  "predicate": {
                    "type": "minecraft:all_of",
                    "predicates": [
                      {
                        "type": "minecraft:matching_blocks",
                        "offset": [
                          0,
                          -2,
                          -1
                        ],
                        "blocks": [
                          "minecraft:air"
                        ]
                      },
                      {
                        "type": "minecraft:matching_blocks",
                        "offset": [
                          0,
                          -2,
                          1
                        ],
                        "blocks": [
                          "minecraft:air"
                        ]
                      },
                      {
                        "type": "minecraft:matching_blocks",
                        "offset": [
                          1,
                          -2,
                          0
                        ],
                        "blocks": [
                          "minecraft:air"
                        ]
                      },
                      {
                        "type": "minecraft:matching_blocks",
                        "offset": [
                          -1,
                          -2,
                          0
                        ],
                        "blocks": [
                          "minecraft:air"
                        ]
                      }
                    ]
                  }
                }
              ]
            },
            "prioritize_tip": false,
            "layers": [
              {
                "height": {
                  "type": "minecraft:biased_to_bottom",
                  "value": {
                    "min_inclusive": 1,
                    "max_inclusive": 3
                  }
                },
                "provider": {
                  "type": "minecraft:noise_provider",
                  "seed": 55,
                  "noise": {
                    "firstOctave": -6,
                    "amplitudes": [
                      0.65,
                      1.0,
                      0,
                      0.5,
                      0.125,
                      1.25
                    ]
                  },
                  "scale": 1,
                  "states": [
          {
            "Name": "minecraft:slime_block"
          },
          {
            "Name": "minecraft:green_terracotta"
          },
          {
            "Name": "minecraft:green_terracotta"
          },
          {
            "Name": "minecraft:green_terracotta"
          },
          {
            "Name": "minecraft:green_terracotta"
          },
                    {
            "Name": "minecraft:green_terracotta"
          },
          {
            "Name": "minecraft:green_terracotta"
          },
          {
            "Name": "minecraft:green_terracotta"
          },
          {
            "Name": "minecraft:green_terracotta"
          },
          {
            "Name": "minecraft:lime_terracotta"
          },
          {
            "Name": "minecraft:lime_terracotta"
          },
                    {
            "Name": "minecraft:lime_terracotta"
          },
          {
            "Name": "minecraft:yellow_terracotta"
          },
          {
            "Name": "minecraft:air"
          },
                    {
            "Name": "minecraft:air"
          },
          {
            "Name": "minecraft:yellow_terracotta"
          },
          {
            "Name": "minecraft:lime_terracotta"
          },
          {
            "Name": "minecraft:lime_terracotta"
          },
                    {
            "Name": "minecraft:lime_terracotta"
          },
          {
            "Name": "minecraft:green_terracotta"
          },
          {
            "Name": "minecraft:green_terracotta"
          },
          {
            "Name": "minecraft:green_terracotta"
          },
          {
            "Name": "minecraft:green_terracotta"
          },
                    {
            "Name": "minecraft:green_terracotta"
          },
          {
            "Name": "minecraft:green_terracotta"
          },
          {
            "Name": "minecraft:green_terracotta"
          },
          {
            "Name": "minecraft:green_terracotta"
          },
          {
            "Name": "minecraft:slime_block"
          }
                  ]
                }
              }
            ]
          }
        },
        "placement": []
      }
    }
  },
  "placement": [
    {
      "type": "minecraft:count_on_every_layer",
      "count": 255
    },
    {
      "type": "minecraft:noise_based_count",
      "noise_to_count_ratio": 8,
      "noise_factor": 100,
      "noise_offset": -0.15
    },
        {
      "type": "minecraft:noise_based_count",
      "noise_to_count_ratio": 10,
      "noise_factor": 25,
      "noise_offset": -0.15
    },
    {
      "type": "minecraft:rarity_filter",
      "chance": 24
    },
    {
      "type": "minecraft:biome"
    }
  ]
}
