{
  "pools": [
    {
      "rolls": 1,
      "entries": [
        {
          "type": "minecraft:item",
          "weight": 1,
          "name": "minecraft:shield",
          "functions": [
            {
              "function": "minecraft:set_attributes",
              "modifiers": [
                {
                  "attribute": "minecraft:generic.armor_toughness",
                  "name": "weaken",
                  "amount": {
                    "min": -0.05,
                    "max": -0.001
                  },
                  "operation": "multiply_base",
                  "slot": [
                    "offhand"
                  ]
                }
              ]
            },
            {
              "function": "minecraft:set_lore",
              "entity": "this",
              "lore": [
                {
                  "translate": "%1$s%4733088$s","with":["Reflects attacks with a",{"translate":"incendium.item.prismatic_shield.desc1"}],
                  "color": "#88aaff",
                  "italic": false
                },
                {
                  "translate": "%1$s%4733088$s","with":["powerful spark of light",{"translate":"incendium.item.prismatic_shield.desc2"}],
                  "color": "#88aaff",
                  "italic": false
                },
                "",
                {
                  "translate": "%1$s%4733088$s","with":["Incendium",{"translate":"incendium"}],
                  "color": "#FF8000",
                  "italic": true
                }
              ]
            },
            {
              "function": "minecraft:set_name",
              "entity": "this",
              "name": {
                "translate": "%1$s%4733088$s","with":["Prismatic Shield",{"translate":"incendium.item.prismatic_shield.name"}],
                "italic": false,
                "color": "#bbddff"
              }
            },
            {
              "function": "minecraft:set_nbt",
              "tag": "{CustomModelData:1450301,incendium:{item:'prismatic_shield'},HideFlags:32,BlockEntityTag:{Base:5,Patterns:[{Color:4,Pattern:hh},{Color:1,Pattern:ts},{Color:3,Pattern:bs},{Color:14,Pattern:tts},{Color:10,Pattern:bts},{Color:0,Pattern:cbo}]}}"
            }
          ]
        },
        {
          "type": "minecraft:item",
          "weight": 1,
          "name": "minecraft:shield",
          "functions": [
            {
              "function": "minecraft:set_attributes",
              "modifiers": [
                {
                  "attribute": "minecraft:generic.armor_toughness",
                  "name": "weaken",
                  "amount": {
                    "min": -0.05,
                    "max": -0.001
                  },
                  "operation": "multiply_base",
                  "slot": [
                    "offhand"
                  ]
                }
              ]
            },
            {
              "function": "minecraft:set_lore",
              "entity": "this",
              "lore": [
                {
                  "translate": "%1$s%4733088$s","with":["Reflects attacks with a",{"translate":"incendium.item.prismatic_shield.desc1"}],
                  "color": "#88aaff",
                  "italic": false
                },
                {
                  "translate": "%1$s%4733088$s","with":["powerful spark of light",{"translate":"incendium.item.prismatic_shield.desc2"}],
                  "color": "#88aaff",
                  "italic": false
                },
                "",
                {
                  "translate": "%1$s%4733088$s","with":["Incendium",{"translate":"incendium"}],
                  "color": "#FF8000",
                  "italic": true
                }
              ]
            },
            {
              "function": "minecraft:set_name",
              "entity": "this",
              "name": {
                "translate": "%1$s%4733088$s","with":["Prismatic Shield",{"translate":"incendium.item.prismatic_shield.name"}],
                "italic": false,
                "color": "#bbddff"
              }
            },
            {
              "function": "minecraft:set_nbt",
              "tag": "{CustomModelData:1450303,incendium:{item:'prismatic_shield'},HideFlags:32,BlockEntityTag:{Patterns:[{Pattern:flo,Color:8},{Pattern:hh,Color:7},{Pattern:tt,Color:4},{Pattern:ts,Color:7},{Pattern:gra,Color:0},{Pattern:bo,Color:7}],Base:7}}"
            }
          ]
        }
      ]
    }
  ]
}
