{
	"feature": "incendium:ash_barrens/vines_ceiling",
	"placement": [
		{
			"type": "minecraft:count",
			"count": {
				"type": "minecraft:weighted_list",
				"distribution": [
					{
						"weight": 100,
						"data": 221
					},
					{
						"weight": 0,
						"data": 221
					}
				]
			}
		},
		{
			"type": "minecraft:in_square"
		},
		{
			"type": "minecraft:height_range",
			"height": {
				"type": "minecraft:uniform",
				"min_inclusive": {
					"absolute": 33
				},
				"max_inclusive": {
					"absolute": 187
				}
			}
		},
		{
			"type": "minecraft:noise_based_count",
			"noise_to_count_ratio": 2,
			"noise_factor": 44,
			"noise_offset": -0.4
		},
		{"type":"biome"}
	]
}
