{
  "type": "minecraft:interpolated",
  "argument": {
    "type": "minecraft:spline",
    "spline": {
      "coordinate": "nullscape:base/base_3d_noise",
      "points": [
        {
          "location": 0,
          "derivative": 1,
          "value": 0
        },
        {
          "location": 0.5,
          "derivative": -2,
          "value": 0.5
        },
        {
          "location": 0.65,
          "derivative": -0.2,
          "value": -0.2
        }
      ]
    },
    "min_value": -0.2,
    "max_value": 0.5
  }
}
