{
    "incendium:ash_barrens": {
        "r": 100,
        "g": 0,
        "b": 0
    },
    "incendium:infernal_dunes": {
        "r": 252,
        "g": 188,
        "b": 50
    },
    "incendium:inverted_forest": {
        "r": 86,
        "g": 179,
        "b": 156
    },
    "incendium:quartz_flats": {
        "r": 233,
        "g": 233,
        "b": 255
    },
    "incendium:toxic_heap": {
        "r": 140,
        "g": 202,
        "b": 81
    },
    "incendium:volcanic_deltas": {
        "r": 192,
        "g": 79,
        "b": 0
    },
    "incendium:weeping_valley": {
        "r": 145,
        "g": 84,
        "b": 72
    },
    "incendium:withered_forest": {
        "r": 110,
        "g": 110,
        "b": 110
    }
}