{
  "feature": {
    "type": "minecraft:random_selector",
    "config": {
      "features": [],
      "default": "incendium:withered_forest/tree1"
    }
  },
  "placement": [
    {
      "type": "minecraft:count_on_every_layer",
      "count": 3
    },
    {
      "type": "minecraft:block_predicate_filter",
      "predicate": {
        "type": "minecraft:all_of",
        "predicates": [
          {
            "type": "minecraft:matching_blocks",
            "offset": [
              0,
              -1,
              0
            ],
            "blocks": [
              "minecraft:blackstone",
              "minecraft:smooth_basalt",
              "minecraft:tuff"
            ]
          },
          {
            "type": "minecraft:matching_blocks",
            "blocks": [
              "minecraft:air"
            ]
          }
        ]
      }
    },
    {"type":"biome"}
  ]
}
