{
  "feature": {
    "type": "minecraft:tree",
    "config": {
      "ignore_vines": false,
      "force_dirt": false,
      "minimum_size": {
        "type": "minecraft:two_layers_feature_size",
        "min_clipped_height": 5,
        "limit": 1,
        "lower_size": 1,
        "upper_size": 1
      },
      "dirt_provider": {
        "type": "minecraft:simple_state_provider",
        "state": {
          "Name": "minecraft:blackstone"
        }
      },
      "trunk_provider": {
        "type": "minecraft:simple_state_provider",
        "state": {
          "Name": "minecraft:polished_basalt",
          "Properties": {
            "axis": "y"
          }
        }
      },
      "foliage_provider": {
        "type": "minecraft:weighted_state_provider",
        "entries": [
          {
            "weight": 20,
            "data": {
              "Name": "minecraft:basalt",
              "Properties": {
                "axis": "x"
              }
            }
          },
          {
            "weight": 100,
            "data": {
              "Name": "minecraft:basalt",
              "Properties": {
                "axis": "y"
              }
            }
          },
          {
            "weight": 20,
            "data": {
              "Name": "minecraft:basalt",
              "Properties": {
                "axis": "z"
              }
            }
          },
          {
            "weight": 1,
            "data": {
              "Name": "minecraft:crying_obsidian"
            }
          },
          {
            "weight": 10,
            "data": {
              "Name": "minecraft:air"
            }
          }
        ]
      },
      "trunk_placer": {
        "type": "minecraft:bending_trunk_placer",
        "base_height": 7,
        "height_rand_a": 3,
        "height_rand_b": 7,
        "bend_length": 1,
        "min_height_for_leaves": 1000
      },
      "foliage_placer": {
        "type": "minecraft:jungle_foliage_placer",
        "radius": {
          "type": "minecraft:biased_to_bottom",
          "value": {
            "min_inclusive": 1,
            "max_inclusive": 3
          }
        },
        "offset": 1,
        "height": 1
      },
      "decorators": [
        {
          "type": "minecraft:leave_vine"
        }
      ]
    }
  },
  "placement": []
}
