{
  "feature": {
    "type": "minecraft:random_patch",
    "config": {
      "tries": 1,
      "xz_spread": 0,
      "y_spread": 0,
      "feature": {
        "feature": {
          "type": "minecraft:simple_block",
          "config": {
            "to_place": {
              "type": "minecraft:dual_noise_provider",
              "seed": 0,
              "noise": {
                "firstOctave": -5,
                "amplitudes": [
                  1.35
                ]
              },
              "scale": 1,
              "variety": {
                "min_inclusive": 1,
                "max_inclusive": 17
              },
              "slow_noise": {
                "firstOctave": -6,
                "amplitudes": [
                  1.35
                ]
              },
              "slow_scale": 1.25,
              "states": [
                {
                  "Name": "minecraft:cave_air"
                },
                {
                  "Name": "minecraft:cave_air"
                },
                {
                  "Name": "minecraft:cave_air"
                },
                {
                  "Name": "minecraft:cave_air"
                },
                {
                  "Name": "minecraft:cave_air"
                },
                {
                  "Name": "minecraft:cave_air"
                },
                {
                  "Name": "minecraft:cave_air"
                },
                {
                  "Name": "minecraft:cave_air"
                },
                {
                  "Name": "minecraft:glowstone"
                },
                {
                  "Name": "minecraft:cave_air"
                },
                {
                  "Name": "minecraft:cave_air"
                },
                {
                  "Name": "minecraft:cave_air"
                },
                {
                  "Name": "minecraft:cave_air"
                },
                {
                  "Name": "minecraft:cave_air"
                },
                {
                  "Name": "minecraft:cave_air"
                },
                {
                  "Name": "minecraft:cave_air"
                },
                {
                  "Name": "minecraft:cave_air"
                }
              ]
            }
          }
        },
        "placement": [
          {
            "type": "minecraft:block_predicate_filter",
            "predicate": {
              "type": "minecraft:all_of",
              "predicates": [
                {
                  "type": "minecraft:matching_blocks",
                  "blocks": [
                    "minecraft:air"
                  ]
                },
                {
                  "type": "minecraft:any_of",
                  "predicates": [
                    {
                      "type": "minecraft:matching_blocks",
                      "offset": [
                        -1,
                        0,
                        0
                      ],
                      "blocks": [
                        "minecraft:smooth_quartz","glowstone"
                      ]
                    },
                    {
                      "type": "minecraft:matching_blocks",
                      "offset": [
                        1,
                        0,
                        0
                      ],
                      "blocks": [
                        "minecraft:smooth_quartz","glowstone"
                      ]
                    },
                    {
                      "type": "minecraft:matching_blocks",
                      "offset": [
                        0,
                        1,
                        0
                      ],
                      "blocks": [
                        "minecraft:smooth_quartz","glowstone"
                      ]
                    },
                    {
                      "type": "minecraft:matching_blocks",
                      "offset": [
                        0,
                        -1,
                        0
                      ],
                      "blocks": [
                        "minecraft:smooth_quartz","glowstone"
                      ]
                    },
                    {
                      "type": "minecraft:matching_blocks",
                      "offset": [
                        0,
                        0,
                        1
                      ],
                      "blocks": [
                        "minecraft:smooth_quartz","glowstone"
                      ]
                    },
                    {
                      "type": "minecraft:matching_blocks",
                      "offset": [
                        0,
                        0,
                        -1
                      ],
                      "blocks": [
                        "minecraft:smooth_quartz","glowstone"
                      ]
                    }
                  ]
                }
              ]
            }
          }
        ]
      }
    }
  },
  "placement": [
    {
      "type": "minecraft:rarity_filter",
      "chance": 1
    },
    {
      "type": "minecraft:count",
      "count": 3
    },
    {
      "type": "minecraft:in_square"
    },
    {
      "type": "minecraft:height_range",
      "height": {
        "type": "minecraft:uniform",
        "min_inclusive": {
          "above_bottom": 50
        },
        "max_inclusive": {
          "below_top": 0
        }
      }
    },
    {
      "type": "minecraft:environment_scan",
      "direction_of_search": "up",
      "max_steps": 32,
      "target_condition": {
        "type": "minecraft:all_of",
        "predicates": [
          {
            "type": "minecraft:matching_blocks",
            "offset": [
              0,
              0,
              0
            ],
            "blocks": [
              "minecraft:smooth_quartz"
            ]
          },
          {
            "type": "minecraft:matching_blocks",
            "offset": [
              0,
              -1,
              0
            ],
            "blocks": [
              "minecraft:air"
            ]
          }
        ]
      }
    },
    {
      "type": "minecraft:biome"
    },
    {
      "type": "minecraft:count",
      "count": 128
    },
    {
      "type": "minecraft:count",
      "count": 128
    },
    {
      "type": "minecraft:random_offset",
      "xz_spread": {
        "type": "minecraft:uniform",
        "value": {
          "min_inclusive": -1,
          "max_inclusive": 1
        }
      },
      "y_spread": {
        "type": "minecraft:uniform",
        "value": {
          "min_inclusive": -1,
          "max_inclusive": 1
        }
      }
    },
    {
      "type": "minecraft:random_offset",
      "xz_spread": {
        "type": "minecraft:uniform",
        "value": {
          "min_inclusive": -1,
          "max_inclusive": 1
        }
      },
      "y_spread": {
        "type": "minecraft:uniform",
        "value": {
          "min_inclusive": -1,
          "max_inclusive": 1
        }
      }
    },
    {
      "type": "minecraft:random_offset",
      "xz_spread": {
        "type": "minecraft:uniform",
        "value": {
          "min_inclusive": -1,
          "max_inclusive": 1
        }
      },
      "y_spread": {
        "type": "minecraft:uniform",
        "value": {
          "min_inclusive": -1,
          "max_inclusive": 1
        }
      }
    },
    {
      "type": "minecraft:random_offset",
      "xz_spread": {
        "type": "minecraft:uniform",
        "value": {
          "min_inclusive": -1,
          "max_inclusive": 1
        }
      },
      "y_spread": {
        "type": "minecraft:uniform",
        "value": {
          "min_inclusive": -1,
          "max_inclusive": 1
        }
      }
    },
    {
      "type": "minecraft:random_offset",
      "xz_spread": {
        "type": "minecraft:uniform",
        "value": {
          "min_inclusive": -1,
          "max_inclusive": 1
        }
      },
      "y_spread": {
        "type": "minecraft:uniform",
        "value": {
          "min_inclusive": -1,
          "max_inclusive": 1
        }
      }
    },
    {
      "type": "minecraft:random_offset",
      "xz_spread": {
        "type": "minecraft:uniform",
        "value": {
          "min_inclusive": -1,
          "max_inclusive": 1
        }
      },
      "y_spread": {
        "type": "minecraft:uniform",
        "value": {
          "min_inclusive": -1,
          "max_inclusive": 1
        }
      }
    },
    {
      "type": "minecraft:random_offset",
      "xz_spread": {
        "type": "minecraft:uniform",
        "value": {
          "min_inclusive": -1,
          "max_inclusive": 1
        }
      },
      "y_spread": {
        "type": "minecraft:uniform",
        "value": {
          "min_inclusive": -1,
          "max_inclusive": 1
        }
      }
    },
    {
      "type": "minecraft:random_offset",
      "xz_spread": {
        "type": "minecraft:uniform",
        "value": {
          "min_inclusive": -1,
          "max_inclusive": 1
        }
      },
      "y_spread": {
        "type": "minecraft:uniform",
        "value": {
          "min_inclusive": -1,
          "max_inclusive": 0
        }
      }
    },
    {
      "type": "minecraft:random_offset",
      "xz_spread": {
        "type": "minecraft:uniform",
        "value": {
          "min_inclusive": -1,
          "max_inclusive": 0
        }
      },
      "y_spread": {
        "type": "minecraft:uniform",
        "value": {
          "min_inclusive": -1,
          "max_inclusive": 0
        }
      }
    },
    {
      "type": "minecraft:random_offset",
      "xz_spread": {
        "type": "minecraft:uniform",
        "value": {
          "min_inclusive": -1,
          "max_inclusive": 0
        }
      },
      "y_spread": {
        "type": "minecraft:uniform",
        "value": {
          "min_inclusive": -1,
          "max_inclusive": 0
        }
      }
    },
    {
      "type": "minecraft:random_offset",
      "xz_spread": {
        "type": "minecraft:uniform",
        "value": {
          "min_inclusive": -1,
          "max_inclusive": 0
        }
      },
      "y_spread": {
        "type": "minecraft:uniform",
        "value": {
          "min_inclusive": -1,
          "max_inclusive": 0
        }
      }
    },
    {
      "type": "minecraft:random_offset",
      "xz_spread": {
        "type": "minecraft:uniform",
        "value": {
          "min_inclusive": -1,
          "max_inclusive": 0
        }
      },
      "y_spread": {
        "type": "minecraft:uniform",
        "value": {
          "min_inclusive": -1,
          "max_inclusive": 0
        }
      }
    },
    {
      "type": "minecraft:random_offset",
      "xz_spread": {
        "type": "minecraft:uniform",
        "value": {
          "min_inclusive": -1,
          "max_inclusive": 0
        }
      },
      "y_spread": {
        "type": "minecraft:uniform",
        "value": {
          "min_inclusive": -1,
          "max_inclusive": 0
        }
      }
    },
    {
      "type": "minecraft:random_offset",
      "xz_spread": {
        "type": "minecraft:uniform",
        "value": {
          "min_inclusive": -1,
          "max_inclusive": 0
        }
      },
      "y_spread": {
        "type": "minecraft:uniform",
        "value": {
          "min_inclusive": -1,
          "max_inclusive": 0
        }
      }
    }
  ]
}
