{
  "feature": {
    "type": "minecraft:random_selector",
    "config": {
      "features": [
        {
          "chance": 0.1,
          "feature": {
            "feature": {
              "type": "minecraft:simple_block",
              "config": {
                "to_place": {
                  "type": "minecraft:simple_state_provider",
                  "state": {
                    "Name": "minecraft:glowstone"
                  }
                }
              }
            },
            "placement": []
          }
        }
      ],
      "default": {
        "feature": {
          "type": "minecraft:block_column",
          "config": {
            "direction": "east",
            "allowed_placement": {
              "type": "minecraft:all_of",
              "predicates": [
                {
                  "type": "minecraft:matching_blocks",
                  "blocks": [
                    "minecraft:air"
                  ]
                }
              ]
            },
            "prioritize_tip": false,
            "layers": [
              {
                "height": {
                  "type": "minecraft:biased_to_bottom",
                  "value": {
                    "min_inclusive": 1,
                    "max_inclusive": 14
                  }
                },
                "provider": {
                  "type": "minecraft:simple_state_provider",
                  "state": {
                    "Name": "minecraft:glowstone"
                  }
                }
              }
            ]
          }
        },
        "placement": [
          {
            "type": "minecraft:random_offset",
            "xz_spread": {
              "type": "minecraft:clamped_normal",
              "value": {
                "min_inclusive": -9,
                "max_inclusive": 9,
                "mean": 0,
                "deviation": 7
              }
            },
            "y_spread": {
              "type": "minecraft:clamped_normal",
              "value": {
                "min_inclusive": -7,
                "max_inclusive": 7,
                "mean": 0,
                "deviation": 5
              }
            }
          },
          {
            "type": "minecraft:block_predicate_filter",
            "predicate": {
              "type": "minecraft:all_of",
              "predicates": [
                                    {
                      "type": "minecraft:matching_blocks",
                      "blocks": [
                        "minecraft:air"
                      ]
                    },
                                    {
                          "type": "minecraft:matching_blocks",
                          "offset": [
                            -1,
                            0,
                            0
                          ],
                          "blocks": [
                            "minecraft:netherrack"
                          ]
                        },
                {
                  "type": "minecraft:any_of",
                  "predicates": [

                    {
                      "type": "minecraft:any_of",
                      "predicates": [
                        {
                          "type": "minecraft:matching_blocks",
                          "offset": [
                            0,
                            -1,
                            0
                          ],
                          "blocks": [
                            "minecraft:glowstone"
                          ]
                        },
                        {
                          "type": "minecraft:matching_blocks",
                          "offset": [
                            0,
                            1,
                            0
                          ],
                          "blocks": [
                            "minecraft:glowstone"
                          ]
                        },
                        {
                          "type": "minecraft:matching_blocks",
                          "offset": [
                            0,
                            0,
                            1
                          ],
                          "blocks": [
                            "minecraft:glowstone"
                          ]
                        },
                        {
                          "type": "minecraft:matching_blocks",
                          "offset": [
                            0,
                            0,
                            -1
                          ],
                          "blocks": [
                            "minecraft:glowstone"
                          ]
                        }
                      ]
                    }
                  ]
                }
              ]
            }
          }
        ]
      }
    }
  },
  "placement": [
    {
      "type": "minecraft:count",
      "count": 5
    },
    {
      "type": "minecraft:count",
      "count": 60
    },
    {
      "type": "minecraft:in_square"
    },
    {
      "type": "minecraft:random_offset",
      "xz_spread": {
        "type": "minecraft:uniform",
        "value": {
          "min_inclusive": -2,
          "max_inclusive": 2
        }
      },
      "y_spread": {
        "type": "minecraft:uniform",
        "value": {
          "min_inclusive": 0,
          "max_inclusive": 0
        }
      }
    },
    {
      "type": "minecraft:height_range",
      "height": {
        "type": "minecraft:uniform",
        "min_inclusive": {
          "above_bottom": 0
        },
        "max_inclusive": {
          "below_top": 0
        }
      }
    },
    {
      "type": "minecraft:block_predicate_filter",
      "predicate": {
        "type": "minecraft:all_of",
        "predicates": [
          {
            "type": "minecraft:matching_blocks",
            "offset": [
              0,
              0,
              0
            ],
            "blocks": [
              "minecraft:air"
            ]
          },
          {
            "type": "minecraft:matching_blocks",
            "offset": [
              0,
              2,
              0
            ],
            "blocks": [
              "minecraft:air"
            ]
          },
          {
            "type": "minecraft:matching_blocks",
            "offset": [
              0,
              4,
              0
            ],
            "blocks": [
              "minecraft:air"
            ]
          },
          {
            "type": "minecraft:matching_blocks",
            "offset": [
              0,
              -2,
              0
            ],
            "blocks": [
              "minecraft:air"
            ]
          },
          {
            "type": "minecraft:matching_blocks",
            "offset": [
              0,
              -4,
              0
            ],
            "blocks": [
              "minecraft:air"
            ]
          },
          {
            "type": "minecraft:matching_blocks",
            "offset": [
              -1,
              0,
              0
            ],
            "blocks": [
              "minecraft:netherrack"
            ]
          },
          {
            "type": "minecraft:matching_blocks",
            "offset": [
              -2,
              0,
              0
            ],
            "blocks": [
              "minecraft:netherrack"
            ]
          },
          {
            "type": "minecraft:matching_blocks",
            "offset": [
              -3,
              0,
              0
            ],
            "blocks": [
              "minecraft:netherrack"
            ]
          }
        ]
      }
    },
    {
      "type": "minecraft:biome"
    },
    {
      "type": "minecraft:count",
      "count": {
        "type": "minecraft:uniform",
        "value": {
          "min_inclusive": 50,
          "max_inclusive": 50
        }
      }
    },
    {
      "type": "minecraft:count",
      "count": {
        "type": "minecraft:uniform",
        "value": {
          "min_inclusive": 50,
          "max_inclusive": 60
        }
      }
    }
  ]
}
