{
  "pools": [
    {
      "rolls": 1,
      "entries": [
        {
          "type": "minecraft:item",
          "name": "minecraft:netherite_sword",
          "functions": [
            {
              "function": "minecraft:set_attributes",
              "modifiers": [
                {
                  "attribute": "minecraft:generic.attack_speed",
                  "name": "base",
                  "amount": -2.4,
                  "operation": "addition",
                  "slot": "mainhand"
                },
                {
                  "attribute": "minecraft:generic.attack_speed",
                  "name": "d",
                  "amount": {
                    "min": 0.25,
                    "max": 0.4
                  },
                  "operation": "multiply_base",
                  "slot": "mainhand"
                },
                {
                  "attribute": "minecraft:generic.attack_damage",
                  "name": "d",
                  "amount": {
                    "min": 5.5,
                    "max": 7
                  },
                  "operation": "addition",
                  "slot": "mainhand"
                }
              ]
            },
            {
              "function": "minecraft:set_lore",
              "entity": "this",
              "lore": [
                {
                  "translate": "%1$s%4733088$s","with":["Has a chance to drop gold",{"translate":"incendium.item.daybreaker.desc1"}],
                  "color": "#cc9900",
                  "italic": true
                },
                {
                  "translate": "%1$s%4733088$s","with":["when killing any mob",{"translate":"incendium.item.daybreaker.desc2"}],
                  "color": "#cc9900",
                  "italic": true
                },
                "",
                {
                  "translate": "%1$s%4733088$s","with":["Patron Item",{"translate":"incendium.system.patron_item"}],
                  "color": "#333333",
                  "italic": true
                },
                "",
                {
                  "translate": "%1$s%4733088$s","with":["Incendium",{"translate":"incendium"}],
                  "color": "#FF8000",
                  "italic": true
                }
              ],
              "replace": true
            },
            {
              "function": "minecraft:set_name",
              "entity": "this",
              "name": {
                "translate": "%1$s%4733088$s","with":["Daybreaker",{"translate":"incendium.item.daybreaker.name"}],
                "color": "#ffcc00",
                "italic": false
              }
            },
            {
              "function": "minecraft:set_nbt",
              "tag": "{CustomModelData:1450000,incendium:{item:'daybreaker'}}"
            }
          ]
        }
      ]
    }
  ]
}
