{
  "pools": [
    {
      "rolls": 1,
      "entries": [
        {
          "type": "minecraft:item",
          "name": "minecraft:crossbow",
          "functions": [
            {
              "function": "minecraft:set_lore",
              "entity": "this",
              "lore": [
                {
                  "translate": "%1$s%4733088$s","with":["Spawn a spiral of fireballs",{"translate":"incendium.item.holy_wrath.desc1"}],
                  "color": "#ccbb88",
                  "italic": true
                },
                "",
                {
                  "translate": "%1$s%4733088$s","with":["Incendium",{"translate":"incendium"}],
                  "color": "#FF8000",
                  "italic": true
                }
              ],
              "replace": true
            },
            {
              "function": "minecraft:set_name",
              "entity": "this",
              "name": {
                "translate": "%1$s%4733088$s","with":["Holy Wrath",{"translate":"incendium.item.holy_wrath.name"}],
                "color": "#ffee77",
                "italic": false
              }
            },
            {
              "function": "minecraft:set_nbt",
              "tag": "{CustomModelData:1450100,incendium:{item:'holy_wrath'}}"
            }
          ]
        }
      ]
    }
  ]
}
