{
  "pools": [
    {
      "rolls": 1,
      "entries": [
        {
          "type": "minecraft:item",
          "name": "minecraft:netherite_helmet",
          "functions": [
            {
              "function": "minecraft:set_lore",
              "entity": "this",
              "lore": [
                {
                  "translate": "%1$s%4733088$s","with":["You can hide, but you can't",{"translate":"incendium.item.battle_helm.desc1"}],
                  "color": "#ccbb88",
                  "italic": true
                },
                {
                  "translate": "%1$s%4733088$s","with":["outrun TheDancyScout",{"translate":"incendium.item.battle_helm.desc2"}],
                  "color": "#ccbb88",
                  "italic": true
                },
                "",
                {
                  "translate": "%1$s%4733088$s","with":["Patron Item",{"translate":"incendium.system.patron_item"}],
                  "color": "#333333",
                  "italic": true
                },
                "",
                {
                  "translate": "%1$s%4733088$s","with":["Incendium",{"translate":"incendium"}],
                  "color": "#FF8000",
                  "italic": true
                }
              ],
              "replace": true
            },
            {
              "function": "minecraft:set_name",
              "entity": "this",
              "name": {
                "translate": "%1$s%4733088$s","with":["Scout's Battle Helm",{"translate":"incendium.item.battle_helm.name"}],
                "color": "#ff9944",
                "italic": false
              }
            },
            {
              "function": "minecraft:set_nbt",
              "tag": "{CustomModelData:1450200,incendium:{item:'scouts_battle_helm'}}"
            }
          ]
        }
      ]
    }
  ]
}
