{
  "pools": [
    {
      "rolls": 1,
      "entries": [
        {
          "type": "minecraft:item",
          "name": "minecraft:map",
          "functions": [
            {
              "function": "minecraft:set_lore",
              "entity": "this",
              "lore": [
                {
                  "translate": "%1$s%4733088$s","with":["A long forgotten technique",{"translate":"incendium.item.returning_scroll.desc1"}],
                  "color": "#D393F5",
                  "italic": true
                },
                {
                  "translate": "%1$s%4733088$s","with":["to transport back to the",{"translate":"incendium.item.returning_scroll.desc2"}],
                  "color": "#D393F5",
                  "italic": true
                },
                {
                  "translate": "%1$s%4733088$s","with":["overworld, where it all began...",{"translate":"incendium.item.returning_scroll.desc3"}],
                  "color": "#D393F5",
                  "italic": true
                },
                "",
                {
                  "translate": "%1$s%4733088$s","with":["Patron Item",{"translate":"incendium.system.patron_item"}],
                  "color": "#333333",
                  "italic": true
                },
                "",
                {
                  "translate": "%1$s%4733088$s","with":["Incendium",{"translate":"incendium"}],
                  "color": "#FF8000",
                  "italic": true
                }
              ],
              "replace": true
            },
            {
              "function": "minecraft:set_name",
              "entity": "this",
              "name": {
                "translate": "%1$s%4733088$s","with":["Scroll of Returning",{"translate":"incendium.item.returning_scroll.name"}],
                "color": "#7F32A9",
                "italic": false
              }
            },
            {
              "function": "minecraft:set_nbt",
              "tag": "{CustomModelData:1450403,incendium:{item:'scroll_of_returning'}}"
            },
            {
              "function": "minecraft:set_attributes",
              "modifiers": [
                {
                  "attribute": "minecraft:horse.jump_strength",
                  "name": "",
                  "amount": 0,
                  "operation": "addition",
                  "slot": "mainhand"
                }
              ]
            }
          ]
        }
      ]
    }
  ]
}
