{
  "pools": [
    {
      "rolls": 1,
      "entries": [
        {
          "type": "minecraft:item",
          "name": "minecraft:netherite_sword",
          "functions": [
            {
              "function": "minecraft:set_attributes",
              "modifiers": [
                {
                  "attribute": "minecraft:generic.movement_speed",
                  "name": "d",
                  "amount": {
                    "min": -0.225,
                    "max": -0.15
                  },
                  "operation": "multiply_base",
                  "slot": "mainhand"
                },
                {
                  "attribute": "minecraft:generic.attack_speed",
                  "name": "d",
                  "amount": -2.4,
                  "operation": "addition",
                  "slot": "mainhand"
                },
                {
                  "attribute": "minecraft:generic.attack_damage",
                  "name": "d",
                  "amount": 13,
                  "operation": "addition",
                  "slot": "mainhand"
                }
              ]
            },
            {
              "function": "minecraft:set_lore",
              "entity": "this",
              "lore": [
                [
                  {
                    "text": "\"",
                    "color": "#006666",
                    "italic": true
                  },
                  {
                    "translate": "%1$s%4733088$s","with":["For in life all things return",{"translate":"incendium.item.warping_witherblade.desc1"}],
                    "color": "#006666",
                    "italic": true
                  }
                ],
                {
                  "translate": "%1$s%4733088$s","with":["to death, and in death all things",{"translate":"incendium.item.warping_witherblade.desc2"}],
                  "color": "#006666",
                  "italic": true
                },
                [
                  {
                    "translate": "%1$s%4733088$s","with":["return to the shadow of",{"translate":"incendium.item.warping_witherblade.desc3"}],
                    "color": "#006666",
                    "italic": true
                  },
                  " ",
                  {
                    "text": "CENSOR",
                    "color": "#006666",
                    "italic": true,
                    "obfuscated": true
                  },
                  {
                    "text": "\"",
                    "color": "#006666",
                    "italic": true,
                    "obfuscated": false
                  }
                ],
                "",
                {
                  "translate": "%1$s%4733088$s","with":["Patron Item",{"translate":"incendium.system.patron_item"}],
                  "color": "#333333",
                  "italic": true
                },
                "",
                {
                  "translate": "%1$s%4733088$s","with":["Incendium",{"translate":"incendium"}],
                  "color": "#FF8000",
                  "italic": true
                }
              ],
              "replace": true
            },
            {
              "function": "minecraft:set_name",
              "entity": "this",
              "name": {
                "translate": "%1$s%4733088$s","with":["Warping Witherblade",{"translate":"incendium.item.warping_witherblade.name"}],
                "color": "#330099",
                "italic": false
              }
            },
            {
              "function": "minecraft:set_nbt",
              "tag": "{CustomModelData:1450001,incendium:{item:'warping_witherblade'}}"
            }
          ]
        }
      ]
    }
  ]
}
